load,hour,profit
b1,1,6216.693624000001
b1,2,5880.350196
b1,3,5600.333520000001
b1,4,5506.994628000001
b1,5,5506.994628000001
b1,6,5600.333520000001
b1,7,6866.198928000002
b1,8,7590.933792000001
b1,9,8052.314892631581
b1,10,8473.600512
b1,11,8437.924224
b1,12,8350.029180000001
b1,13,8350.029180000001
b1,14,8350.029180000001
b1,15,8174.239092000001
b1,16,8174.239092000001
b1,17,8459.980848000001
b1,18,8545.435200000002
b1,19,8545.435200000002
b1,20,8203.617792000001
b1,21,7776.346032000001
b1,22,7295.288652
b1,23,6443.467056000001
b1,24,5560.800336
b2,1,5205.757491
b2,2,4926.223764
b2,3,4691.64168
b2,4,4613.447652000001
b2,5,4613.447652000001
b2,6,4691.64168
b2,7,5749.642602
b2,8,6332.904378
b2,9,6717.82176394737
b2,10,7069.288608000002
b2,11,7037.246016000001
b2,12,6963.94137
b2,13,6963.94137
b2,14,6963.94137
b2,15,6817.332078000001
b2,16,6817.332078000001
b2,17,7040.141757
b2,18,7111.2543000000005
b2,19,7111.2543000000005
b2,20,6826.804128000002
b2,21,6471.241413
b2,22,6084.285618
b2,23,5375.604879000001
b2,24,4639.220649
b3,1,9004.044240000001
b3,2,8524.49346
b3,3,8118.5652
b3,4,7983.25578
b3,5,7983.25578
b3,6,8118.5652
b3,7,9944.76528
b3,8,10909.59192
b3,9,11572.68287368421
b3,10,12178.14912
b3,11,12118.68864
b3,12,11992.452299999999
b3,13,11992.452299999999
b3,14,11992.452299999999
b3,15,11739.97962
b3,16,11739.97962
b3,17,12094.683479999998
b3,18,12216.851999999999
b3,19,12216.851999999999
b3,20,11728.177919999998
b3,21,11117.335319999998
b3,22,10477.61622
b3,23,9260.46756
b3,24,7991.910360000001
b4,1,3434.2281120000007
b4,2,3253.045698
b4,3,3098.1387600000003
b4,4,3046.503114
b4,5,3046.503114
b4,6,3098.1387600000003
b4,7,3793.028064
b4,8,4141.780296
b4,9,4393.51996385965
b4,10,4623.382656000001
b4,11,4598.937792
b4,12,4551.032189999999
b4,13,4551.032189999999
b4,14,4551.032189999999
b4,15,4455.220986
b4,16,4455.220986
b4,17,4577.094324000001
b4,18,4623.3276
b4,19,4623.3276
b4,20,4438.394496000001
b4,21,4207.228116
b4,22,3976.1649660000003
b4,23,3515.6972280000005
b4,24,3034.094868
b5,1,3042.8340779999994
b5,2,2884.0517369999993
b5,3,2746.71594
b5,4,2700.9373410000003
b5,5,2700.9373410000003
b5,6,2746.71594
b5,7,3360.7421160000004
b5,8,3650.1912239999992
b5,9,3872.0518396491225
b5,10,4074.6320639999994
b5,11,4051.178207999999
b5,12,4008.9784349999995
b5,13,4008.9784349999995
b5,14,4008.9784349999995
b5,15,3924.5788889999994
b5,16,3924.5788889999994
b5,17,4018.9291559999992
b5,18,4059.524399999999
b5,19,4059.524399999999
b5,20,3897.143423999999
b5,21,3694.167204
b5,22,3502.581159
b5,23,3098.4181320000002
b5,24,2673.9772919999996
b6,1,5353.974288000001
b6,2,5078.159352000001
b6,3,4836.34224
b6,4,4755.736536
b6,5,4755.736536
b6,6,4836.34224
b6,7,5913.344736000001
b6,8,6382.787904000001
b6,9,6770.7372378947375
b6,10,7124.972544000001
b6,11,7080.046848
b6,12,7006.29636
b6,13,7006.29636
b6,14,7006.29636
b6,15,6858.795384000001
b6,16,6858.795384000001
b6,17,6997.025376
b6,18,7067.7024
b6,19,7067.7024
b6,20,6784.994304000001
b6,21,6431.609184000001
b6,22,6121.290504
b6,23,5417.947872000001
b6,24,4675.763232
b7,1,4496.445374999999
b7,2,4268.2815
b7,3,4065.0299999999993
b7,4,3997.2794999999996
b7,5,3997.2794999999996
b7,6,4065.0299999999993
b7,7,4966.223249999999
b7,8,5321.669249999999
b7,9,5645.123212719297
b7,10,5940.467999999999
b7,11,5899.175999999999
b7,12,5837.72625
b7,13,5837.72625
b7,14,5837.72625
b7,15,5714.82675
b7,16,5714.82675
b7,17,5803.862624999999
b7,18,5862.4875
b7,19,5862.4875
b7,20,5627.987999999999
b7,21,5334.863624999999
b7,22,5100.329249999999
b7,23,4517.230874999999
b7,24,3898.4321250000003
b8,1,5581.094238
b8,2,5302.998477
b8,3,5050.474740000001
b8,4,4966.300160999999
b8,5,4966.300160999999
b8,6,5050.474740000001
b8,7,6164.193635999999
b8,8,6548.346503999998
b8,9,6946.358579999999
b8,10,7309.782144
b8,11,7253.294688
b8,12,7177.739535
b8,13,7177.739535
b8,14,7177.739535
b8,15,7026.629229000001
b8,16,7026.629229000001
b8,17,7097.381675999999
b8,18,7169.0724
b8,19,7169.0724
b8,20,6882.309504
b8,21,6523.855884
b8,22,6271.0776989999995
b8,23,5558.480172
b8,24,4797.044532
b9,1,5133.7209
b9,2,4883.622975
b9,3,4651.0695
b9,4,4573.551675
b9,5,4573.551675
b9,6,4651.0695
b9,7,5670.0797999999995
b9,8,5959.709699999998
b9,9,6321.944109649122
b9,10,6652.699199999999
b9,11,6594.890399999999
b9,12,6526.193624999999
b9,13,6526.193624999999
b9,14,6526.193624999999
b9,15,6388.800074999999
b9,16,6388.800074999999
b9,17,6409.453049999999
b9,18,6474.194999999999
b9,19,6474.194999999999
b9,20,6215.227199999999
b9,21,5891.51745
b9,22,5701.832324999999
b9,23,5058.82335
b9,24,4365.83385
b10,1,5094.683685000002
b10,2,4853.361240000001
b10,3,4622.248800000001
b10,4,4545.21132
b10,5,4545.21132
b10,6,4622.248800000001
b10,7,5626.964070000002
b10,8,5837.620230000001
b10,9,6192.433975000003
b10,10,6516.4132800000025
b10,11,6451.997760000002
b10,12,6384.78945
b10,13,6384.78945
b10,14,6384.78945
b10,15,6250.372830000001
b10,16,6250.372830000001
b10,17,6217.348995000001
b10,18,6280.150500000001
b10,19,6280.150500000001
b10,20,6028.944480000002
b10,21,5714.936955000001
b10,22,5578.28973
b10,23,4955.189265000001
b10,24,4276.396215000002
b13,1,6073.168769999999
b13,2,5795.986454999999
b13,3,5519.9870999999985
b13,4,5427.987314999999
b13,5,5427.987314999999
b13,6,5519.9870999999985
b13,7,6707.67894
b13,8,6841.64916
b13,9,7257.488331578947
b13,10,7637.189760000001
b13,11,7549.65072
b13,12,7471.008524999999
b13,13,7471.008524999999
b13,14,7471.008524999999
b13,15,7313.7241349999995
b13,16,7313.7241349999995
b13,17,7192.692539999999
b13,18,7265.345999999999
b13,19,7265.345999999999
b13,20,6974.73216
b13,21,6611.464859999999
b13,22,6527.302185
b13,23,5807.446379999999
b13,24,5011.90578
b14,1,3835.5668220000002
b14,2,3669.093288
b14,3,3494.3745599999997
b14,4,3436.1349840000003
b14,5,3436.1349840000003
b14,6,3494.3745599999997
b14,7,4236.297684
b14,8,4225.039476
b14,9,4481.839682280702
b14,10,4716.323136
b14,11,4652.237952
b14,12,4603.777139999999
b14,13,4603.777139999999
b14,14,4603.777139999999
b14,15,4506.8555160000005
b14,16,4506.8555160000005
b14,17,4363.583994
b14,18,4407.660599999999
b14,19,4407.660599999999
b14,20,4231.354176
b14,21,4010.971145999999
b14,22,4022.2473959999993
b14,23,3586.370718
b14,24,3095.087058
b15,1,5289.6579059999995
b15,2,5076.009099
b15,3,4834.294379999999
b15,4,4753.722807
b15,5,4753.722807
b15,6,4834.294379999999
b15,7,5842.3087319999995
b15,8,5648.795447999999
b15,9,5992.132319649121
b15,10,6305.632127999999
b15,11,6200.915615999999
b15,12,6136.322744999998
b15,13,6136.322744999998
b15,14,6136.322744999998
b15,15,6007.137003
b15,16,6007.137003
b15,17,5685.469811999999
b15,18,5742.898799999999
b15,19,5742.898799999999
b15,20,5513.1828479999995
b15,21,5226.037907999999
b15,22,5361.208292999999
b15,23,4794.907764
b15,24,4138.071083999999
b16,1,1363.3428
b16,2,1314.1737
b16,3,1251.5939999999998
b16,4,1230.7341
b16,5,1230.7341
b16,6,1251.5939999999998
b16,7,1505.7815999999998
b16,8,1390.0523999999998
b16,9,1474.540543859649
b16,10,1551.6863999999998
b16,11,1518.6527999999998
b16,12,1502.8334999999997
b16,13,1502.8334999999997
b16,14,1502.8334999999997
b16,15,1471.1948999999997
b16,16,1471.1948999999997
b16,17,1342.3805999999997
b16,18,1355.9399999999998
b16,19,1355.9399999999998
b16,20,1301.7024
b16,21,1233.9053999999999
b16,22,1313.0018999999998
b16,23,1179.9281999999998
b16,24,1018.2942
b18,1,3554.3430989999997
b18,2,3449.4510960000002
b18,3,3285.19152
b18,4,3230.4383279999997
b18,5,3230.4383279999997
b18,6,3285.19152
b18,7,3925.6923779999997
b18,8,3363.7908419999994
b18,9,3568.243886052631
b18,10,3754.929312
b18,11,3644.927424
b18,12,3606.959429999999
b18,13,3606.959429999999
b18,14,3606.959429999999
b18,15,3531.0234419999997
b18,16,3531.0234419999997
b18,17,3013.8101729999994
b18,18,3044.2526999999995
b18,19,3044.2526999999995
b18,20,2922.482592
b18,21,2770.269956999999
b18,22,3151.3435019999997
b18,23,2855.310831
b18,24,2464.172361
b19,1,1407.5081279999997
b19,2,1381.8041369999999
b19,3,1316.0039400000003
b19,4,1294.070541
b19,5,1294.070541
b19,6,1316.0039400000003
b19,7,1554.561216
b19,8,1155.2151239999996
b19,9,1225.42973
b19,10,1289.5424639999999
b19,11,1229.7516479999997
b19,12,1216.9417349999999
b19,13,1216.9417349999999
b19,14,1216.9417349999999
b19,15,1191.3219089999998
b19,16,1191.3219089999998
b19,17,863.2299059999998
b19,18,871.9494
b19,19,871.9494
b19,20,837.0714239999999
b19,21,793.4739539999997
b19,22,1063.2227789999997
b19,23,980.589582
b19,24,846.2622419999999
b20,1,582.22464
b20,2,588.71232
b20,3,560.6784
b20,4,551.33376
b20,5,551.33376
b20,6,560.6784
b20,7,643.05408
b20,8,286.64832
b20,9,304.0709614035088
b20,10,319.9795200000001
b20,11,277.696512
b20,12,274.80384
b20,13,274.80384
b20,14,274.80384
b20,15,269.01849599999997
b20,16,269.01849599999997
b20,17,0.0
b20,18,0.0
b20,19,0.0
b20,20,0.0
b20,21,0.0
b20,22,240.09177599999998
b20,23,243.31776000000008
b20,24,209.98656000000005
b21,1,0.0
b21,2,0.0
b21,3,0.0
b21,4,0.0
b21,5,0.0
b21,6,0.0
b21,7,0.0
b21,8,0.0
b21,9,0.0
b21,10,0.0
b21,11,0.0
b21,12,0.0
b21,13,0.0
b21,14,0.0
b21,15,0.0
b21,16,0.0
b21,17,0.0
b21,18,0.0
b21,19,0.0
b21,20,0.0
b21,21,0.0
b21,22,0.0
b21,23,0.0
b21,24,0.0
